Version,2.2.3,,,,,,,,,,,,,
isoCode,isoCodeX,numCode,tld,nameEngl,nameOfficial,sovereignty,countryExonym,capitalExonym,countryEndonym,capitalEndonym,langScript,phone,utc,utcDST
AF,AFG,4,.af,Afghanistan,The Islamic Republic of Afghanistan,UN member state,Afghanistan,Kabul,"Afġānistān, افغانستان","Kabul, كابل","Pashto/Dari, (Arabic script)",93,+04:30,
AX,ALA,248,.ax,Åland Islands,Åland,Finland,Åland,Mariehamn,"Åland, Ahvenanmaa","Mariehamn, Maarianhamina","Swedish, Finnish",+358 (18),+02:00,+03:00
AL,ALB,8,.al,Albania,The Republic of Albania,UN member state,Albania,Tirana,Shqipëria,Tirana,Albanian,355,+01:00,+02:00
DZ,DZA,12,.dz,Algeria,The People's Democratic Republic of Algeria,UN member state,Algeria,Algiers,"Dzayer, ⴷⵣⴰⵢⴻⵔ, Al-Jazā'ir, الجزائر","Dzayer, ⴷⵣⴰⵢⴻⵔ, Al-Jazā'ir, الجزائر","Berber language, Arabic, (Tifinagh script), (Arabic script)",213,+01:00,
AS,ASM,16,.as,American Samoa,The Territory of American Samoa,United States,American Samoa,Pago Pago,"Amerika Sāmoa, American Samoa",Pago Pago,"Samoan, English",+1 (684),−11:00,
AD,AND,20,.ad,Andorra,The Principality of Andorra,UN member state,Andorra,Andorra la Vella,Andorra,Andorra la Vella,Catalan,376,+01:00,+02:00
AO,AGO,24,.ao,Angola,The Republic of Angola,UN member state,Angola,Luanda,Angola,"Luanda, Lwanda","Portuguese, Kongo",244,+01:00,
AI,AIA,660,.ai,Anguilla,Anguilla,United Kingdom,Anguilla,The Valley,Anguilla,The Valley,English,+1 (264),−04:00,
AQ,ATA,10,.aq,Antarctica,All land and ice shelves south of the 60th parallel south,Antarctic Treaty,,,,,,,,
AG,ATG,28,.ag,Antigua and Barbuda,Antigua and Barbuda,UN member state,Antigua and Barbuda,Saint John's,Antigua and Barbuda,St. John's,English,+1 (268),−04:00,
AR,ARG,32,.ar,Argentina,The Argentine Republic,UN member state,Argentina,Buenos Aires,Argentina,Buenos Aires,Spanish,54,−03:00,
AM,ARM,51,.am,Armenia,The Republic of Armenia,UN member state,Armenia,Yerevan,"Hayastán, Հայաստան","Yerevan, Երևան","Armenian, (Armenian alphabet)",374,+04:00,
AW,ABW,533,.aw,Aruba,Aruba,Netherlands,Aruba,Oranjestad,Aruba,Oranjestad,"Dutch, Papiamento",297,−04:00,
AU,AUS,36,.au,Australia,The Commonwealth of Australia,UN member state,Australia,Canberra,Australia,Canberra,English/Aboriginal languages,61,+08:00 to 10:30,+08:00 to 11:00
AT,AUT,40,.at,Austria,The Republic of Austria,UN member state,Austria,Vienna,Österreich,Wien,German,43,+01:00,+02:00
AZ,AZE,31,.az,Azerbaijan,The Republic of Azerbaijan,UN member state,Azerbaijan,Baku,Azərbaycan,Bakı,Azerbaijani,994,+04:00,
BS,BHS,44,.bs,Bahamas,The Commonwealth of The Bahamas,UN member state,The Bahamas,Nassau,The Bahamas,Nassau,English,+1 (242),−05:00,−04:00
BH,BHR,48,.bh,Bahrain,The Kingdom of Bahrain,UN member state,Bahrain,Manama,"Al-Baḥrayn, البحرين","Al-Manāmah, المنامة","Arabic, (Arabic script)",973,+03:00,
BD,BGD,50,.bd,Bangladesh,The People's Republic of Bangladesh,UN member state,Bangladesh,Dhaka,"Bānglādesh, বাংলাদেশ","Dhākā, ঢাকা","Bengali, (Bengali script)",880,+06:00,
BB,BRB,52,.bb,Barbados,Barbados,UN member state,Barbados,Bridgetown,Barbados,Bridgetown,English,+1 (246),−04:00,
BY,BLR,112,.by,Belarus,The Republic of Belarus,UN member state,Belarus,Minsk,"Bielaruś, Беларусь, Belarus","Minsk, Мінск, Минск","Belarusian, Russian, (Cyrillic script)",375,+03:00,
BE,BEL,56,.be,Belgium,The Kingdom of Belgium,UN member state,Belgium,Brussels,"België, Belgique, Belgien","Brussel, Bruxelles, Brüssel","Dutch, French, German",32,+01:00,+02:00
BZ,BLZ,84,.bz,Belize,Belize,UN member state,Belize,Belmopan,Belize,Belmopan,English,501,−06:00,
BJ,BEN,204,.bj,Benin,The Republic of Benin,UN member state,Benin,Porto-Novo,Bénin,Porto-Novo,French,229,+01:00,
BM,BMU,60,.bm,Bermuda,Bermuda,United Kingdom,Bermuda,Hamilton,Bermuda,Hamilton,English,+1 (441),−04:00,−03:00
BT,BTN,64,.bt,Bhutan,The Kingdom of Bhutan,UN member state,Bhutan,Thimphu,"Druk Yul, འབྲུག་ཡུལ","Thimphu, ཐིམ་ཕུ","Dzongkha, (Tibetan alphabet)",975,+06:00,
BO,BOL,68,.bo,Bolivia,The Plurinational State of Bolivia,UN member state,Bolivia,La Paz,"Bolivia, Buliwya, Wuliwya, Volívia","La Paz, Chuqiyapu","Spanish, Quechua, Aymara, Guaraní",591,−04:00,
BQ,BES,535,.bq,"Bonaire, Sint Eustatius and Saba (Caribbean Netherlands)","Bonaire, Sint Eustatius and Saba",Netherlands,Bonaire,Kralendijk,Bonaire,Boneiru,Dutch,+599 (7),−04:00,
BA,BIH,70,.ba,Bosnia and Herzegovina,Bosnia and Herzegovina,UN member state,Bosnia and Herzegovina,Sarajevo,"Bosna i Hercegovina, Босна и Херцеговина","Sarajevo, Сарајево","Bosnian, Croatian, (Cyrillic script)",387,+01:00,+02:00
BW,BWA,72,.bw,Botswana,The Republic of Botswana,UN member state,Botswana,Gaborone,Botswana,Gaborone,"English, Tswana",267,+02:00,
BV,BVT,74,.no,Bouvet Island,Bouvet Island,Norway,Bouvet Island,,Bouvet Island,,,,,
BR,BRA,76,.br,Brazil,The Federative Republic of Brazil,UN member state,Brazil,Brasília,Brasil,Brasília,Portuguese,55,−05:00 to –02:00,
IO,IOT,86,.io,British Indian Ocean Territory,The British Indian Ocean Territory,United Kingdom,British Indian Ocean Territory,Camp Thunder Cove,British Indian Ocean Territory,Camp Thunder Cove,English,246,+06:00,
BN,BRN,96,.bn,Brunei Darussalam,"The Nation of Brunei, the Abode of Peace",UN member state,Brunei,Bandar Seri Begawan,"Brunei, بروني","Bandar Seri Begawan or Bandar, باندر سري بڬاون","Malay, (Jawi script)",673,+08:00,
BG,BGR,100,.bg,Bulgaria,The Republic of Bulgaria,UN member state,Bulgaria,Sofia,"Bălgariya or Bălgarija, България","Sofiya or Sofija, София","Bulgarian, (Cyrillic script)",359,+02:00,+03:00
BF,BFA,854,.bf,Burkina Faso,Burkina Faso,UN member state,Burkina Faso,Ouagadougou,Burkina Faso,Ouagadougou,French,226,+00:00,
BI,BDI,108,.bi,Burundi,The Republic of Burundi,UN member state,Burundi,Gitega,Uburundi,Gitega,"Kirundi, French",257,+02:00,
CV,CPV,132,.cv,Cabo Verde (Cape Verde),The Republic of Cabo Verde,UN member state,Cape Verde,Praia,Cabo Verde,Praia,Portuguese,238,−01:00,
KH,KHM,116,.kh,Cambodia,The Kingdom of Cambodia,UN member state,Cambodia,Phnom Penh,"Kămpŭchéa, កម្ពុជា","Phnum Pénh, ភ្នំពេញ","Khmer, (Khmer script)",855,+07:00,
CM,CMR,120,.cm,Cameroon,The Republic of Cameroon,UN member state,Cameroon,Yaoundé,"Cameroun, Cameroon",Yaoundé,"French, English",237,+01:00,
CA,CAN,124,.ca,Canada,Canada,UN member state,Canada,Ottawa,Canada,Ottawa,"English, French",1,−08:00 to –03:30,−07:00 to –02:30
KY,CYM,136,.ky,Cayman Islands,The Cayman Islands,United Kingdom,Cayman Islands,George Town,Cayman Islands,George Town,English,+1 (345),−05:00,
CF,CAF,140,.cf,Central African Republic,The Central African Republic,UN member state,Central African Republic,Bangui,"Centrafrique, Bêafrîka","Bangui, Bangî","French, Sango",236,+01:00,
TD,TCD,148,.td,Chad,The Republic of Chad,UN member state,Chad,N'Djamena,"Tchad, Tšād, تشاد","Ndjamena, Nijāmīnā, نجامينا","French, Arabic, (Arabic script)",235,+01:00,
CL,CHL,152,.cl,Chile,The Republic of Chile,UN member state,Chile,Santiago,Chile,Santiago,Spanish,56,−06:00 to –04:00,−05:00 to –03:00
CN,CHN,156,.cn,China,The People's Republic of China,UN member state,China (People's Republic of),Beijing,"Zhōngguó (Zhōnghuá Rénmín Gònghéguó), 中国 (中华人民共和国)","Běijīng, 北京","Mandarin Chinese, (Chinese characters)",86,+08:00,
CX,CXR,162,.cx,Christmas Island,The Territory of Christmas Island,Australia,Christmas Island,Flying Fish Cove,Christmas Island,Flying Fish Cove,English,+61 (89164),+07:00,
CC,CCK,166,.cc,Cocos (Keeling) Islands,The Territory of Cocos (Keeling) Islands,Australia,Cocos Islands,West Island,Cocos Islands,West Island,English,+61 (89162),+06:30,
CO,COL,170,.co,Colombia,The Republic of Colombia,UN member state,Colombia,Bogotá,Colombia,Bogotá,Spanish,57,−05:00,
KM,COM,174,.km,Comoros,The Union of the Comoros,UN member state,Comoros,Moroni,"Komori, Juzur al-Qamar, جزر القمر, Comores","Moroni, موروني","Shikomor, Arabic, French, (Arabic script)",269,+03:00,
CD,COD,180,.cd,Congo,The Democratic Republic of the Congo,UN member state,Democratic Republic of the Congo,Kinshasa,"République démocratique du Congo, Republíki ya Kongó Demokratíki, Repubilika ya Kôngo ya Dimokalasi, Jamhuri ya Kidemokrasia ya Kongo","Kinshasa, Kinsasa, Kinsásá","FrenchKongo, Lingala, Swahili",242,+01:00,
CG,COG,178,.cg,Congo,The Republic of the Congo,UN member state,Republic of the Congo,Brazzaville,"République du Congo, Repubilika ya Kôngo, Republíki ya Kongó","Brazzaville, Balazavile","French, Kongo, Lingala",242,+01:00,
CK,COK,184,.ck,Cook Islands,The Cook Islands,New Zealand,Cook Islands,Avarua,"Cook Islands, Kūki 'Āirani",Avarua,"English, Cook Islands Māori",682,−10:00,
CR,CRI,188,.cr,Costa Rica,The Republic of Costa Rica,UN member state,Costa Rica,San José,Costa Rica,San José,Spanish,506,−06:00,
CI,CIV,384,.ci,Côte d'Ivoire (Ivory Coast),The Republic of Côte d'Ivoire,UN member state,Côte d'Ivoire (formerly Ivory Coast),Yamoussoukro,Côte d'Ivoire,Yamoussoukro,French,225,+00:00,
HR,HRV,191,.hr,Croatia,The Republic of Croatia,UN member state,Croatia,Zagreb,Hrvatska,Zagreb,Croatian,385,+01:00,+02:00
CU,CUB,192,.cu,Cuba,The Republic of Cuba,UN member state,Cuba,Havana,Cuba,La Habana,Spanish,53,−05:00,−04:00
CW,CUW,531,.cw,Curaçao,The Country of Curaçao,Netherlands,Curaçao,Willemstad,"Curaçao, Kòrsou",Willemstad,"Dutch, Papiamento, English",+599 (9),−04:00,
CY,CYP,196,.cy,Cyprus,The Republic of Cyprus,UN member state,Cyprus,Nicosia,"Kypros, Κύπρος, Kıbrıs","Lefkosia, Λευκωσία, Lefkoşa","Greek, Turkish, (Greek alphabet)",357,+02:00,+03:00
CZ,CZE,203,.cz,Czechia,The Czech Republic,UN member state,Czech Republic,Prague,"Česká republika, Česko",Praha,Czech,420,+01:00,+02:00
DK,DNK,208,.dk,Denmark,The Kingdom of Denmark,UN member state,Denmark,Copenhagen,Danmark,København,Danish,45,+01:00,+02:00
DJ,DJI,262,.dj,Djibouti,The Republic of Djibouti,UN member state,Djibouti,Djibouti,"Jībūtī, جيبوتي, Djibouti, Jabuuti, Gabuuti","Jībūtī, جيبوتي, Djibouti, Jabuuti, Gabuuti","Arabic, French, Somali, Afar, (Arabic script)",253,+03:00,
DM,DMA,212,.dm,Dominica,The Commonwealth of Dominica,UN member state,Dominica,Roseau,Dominica,Roseau,English,+1 (767),−04:00,
DO,DOM,214,.do,Dominican Republic,The Dominican Republic,UN member state,Dominican Republic,Santo Domingo,República Dominicana,Santo Domingo,Spanish,"+1 (809, 829, 849)",−04:00,
EC,ECU,218,.ec,Ecuador,The Republic of Ecuador,UN member state,Ecuador,Quito,Ecuador,Quito,Spanish,593,−06:00 to –05:00,
EG,EGY,818,.eg,Egypt,The Arab Republic of Egypt,UN member state,Egypt,Cairo,"Misr or Masr, مصر","Al-Qāhirah, القاهرة","Arabic, (Arabic script)",20,+02:00,
SV,SLV,222,.sv,El Salvador,The Republic of El Salvador,UN member state,El Salvador,San Salvador,El Salvador,San Salvador,Spanish,503,−06:00,
GQ,GNQ,226,.gq,Equatorial Guinea,The Republic of Equatorial Guinea,UN member state,Equatorial Guinea,Malabo,"Guinea Ecuatorial, Guinée équatoriale, Guiné Equatorial",Malabo,"Spanish, French, Portuguese",240,+01:00,
ER,ERI,232,.er,Eritrea,The State of Eritrea,UN member state,Eritrea,Asmara,"Iritriya, إرتريا, Ertra, ኤርትራ","Asmaraa, أسمرا, Asmära, አሥመራ","Arabic, Tigrinya, (Arabic script), (Ge'ez script)",291,+03:00,
EE,EST,233,.ee,Estonia,The Republic of Estonia,UN member state,Estonia,Tallinn,Eesti,Tallinn,Estonian,372,+02:00,+03:00
SZ,SWZ,748,.sz,Eswatini,The Kingdom of Eswatini,UN member state,Eswatini (formerly Swaziland),Mbabane,Eswatini,Mbabane,"English, Swazi",268,+02:00,
ET,ETH,231,.et,Ethiopia,The Federal Democratic Republic of Ethiopia,UN member state,Ethiopia,Addis Ababa,"Ityop'ia, ኢትዮጵያ","Addis Abäba, አዲስ አበ","Amharic, (Ge'ez script)",251,+03:00,
FK,FLK,238,.fk,Falkland Islands,The Falkland Islands,United Kingdom,Falkland Islands,Stanley,Falkland Islands,Stanley,English,500,−03:00,
FO,FRO,234,.fo,Faroe Islands,The Faroe Islands,Denmark,Faroe Islands,Tórshavn,"Føroyar, Færøerne","Tórshavn, Thorshavn","Faroese, Danish",298,+00:00,+01:00
FJ,FJI,242,.fj,Fiji,The Republic of Fiji,UN member state,Fiji,Suva,"Fiji, Viti, फ़िजी",Suva,"English, Fijian, Fiji Hindi",679,+12:00,+13:00
FI,FIN,246,.fi,Finland,The Republic of Finland,UN member state,Finland,Helsinki,"Suomi, Finland","Helsinki, Helsingfors","Finnish, Swedish",358,+02:00,+03:00
FR,FRA,250,.fr,France,The French Republic,UN member state,France,Paris,France,Paris,French,33,+01:00,+02:00
GF,GUF,254,.gf,French Guiana,Guyane,France,French Guiana,Cayenne,Guyane,Cayenne,French,594,−03:00,
PF,PYF,258,.pf,French Polynesia,French Polynesia,France,French Polynesia,Papeete,Polynésie française,Papeete,French,689,−10:00 to –09:00,
TF,ATF,260,.tf,French Southern Territories,The French Southern and Antarctic Lands,France,French Southern Territories,,French Southern Territories,,French,262,,
GA,GAB,266,.ga,Gabon,The Gabonese Republic,UN member state,Gabon,Libreville,République gabonaise,Libreville,French,241,+01:00,
GM,GMB,270,.gm,Gambia,The Republic of The Gambia,UN member state,The Gambia,Banjul,The Gambia,Banjul,English,220,+00:00,
GE,GEO,268,.ge,Georgia,Georgia,UN member state,Georgia,Tbilisi,"Sak'art'velo, საქართველო","Tbilisi, თბილისი","Georgian, (Georgian alphabet)",995,+04:00,
DE,DEU,276,.de,Germany,The Federal Republic of Germany,UN member state,Germany,Berlin,Deutschland,Berlin,German,49,+01:00,+02:00
GH,GHA,288,.gh,Ghana,The Republic of Ghana,UN member state,Ghana,Accra,"Ghana, Gaana, Gana","Accra, Nkran","English, Akan, Twi, Ewe",233,+00:00,
GI,GIB,292,.gi,Gibraltar,Gibraltar,United Kingdom,Gibraltar,Gibraltar,Gibraltar,Gibraltar,English,350,+01:00,+02:00
GR,GRC,300,.gr,Greece,The Hellenic Republic,UN member state,Greece,Athens,"Hellas, Ελλάς or Ellada, Ελλάδα","Athinai, Αθήναι or Athina","Greek, (Greek alphabet)",30,+02:00,+03:00
GL,GRL,304,.gl,Greenland,Kalaallit Nunaat,Denmark,Greenland,Nuuk,"Kalaallit Nunaat, Grønland","Nuuk, Godthåb","Greenlandic, Danish",299,−04:00 to 01:00,−03:00 to 00:00
GD,GRD,308,.gd,Grenada,Grenada,UN member state,Grenada,St. George's,Grenada,St. George's,English,+1 (473),−04:00,
GP,GLP,312,.gp,Guadeloupe,Guadeloupe,France,Guadeloupe,Basse-Terre,Guadeloupe,Basse-Terre,French,590,−04:00,
GU,GUM,316,.gu,Guam,The Territory of Guam,United States,Guam,formerly Agaña,"Guam, Guåhån",Hagåtña,"English, Chamorro",+1 (671),+10:00,
GT,GTM,320,.gt,Guatemala,The Republic of Guatemala,UN member state,Guatemala,Guatemala City,Guatemala,Ciudad de Guatemala,Spanish,502,−06:00,
GG,GGY,831,.gg,Guernsey,The Bailiwick of Guernsey,British Crown,Guernsey,Saint Peter Port,Guernsey,Saint Peter Port,English,"+44 (1481, 7781, 7839, 7911)",+00:00,+01:00
GN,GIN,324,.gn,Guinea,The Republic of Guinea,UN member state,Guinea,Conakry,"Guinée, Gine","Conakry, Kɔnakiri, Konakiri","French, Maninka, Susu, Pular",224,+00:00,
GW,GNB,624,.gw,Guinea-Bissau,The Republic of Guinea-Bissau,UN member state,Guinea-Bissau,Bissau,Guiné-Bissau,Bissau,Portuguese,245,+00:00,
GY,GUY,328,.gy,Guyana,The Co-operative Republic of Guyana,UN member state,Guyana,Georgetown,Guyana,Georgetown,English,592,−04:00,
HT,HTI,332,.ht,Haiti,The Republic of Haiti,UN member state,Haiti,Port-au-Prince,"Haïti, Ayiti","Port-au-Prince, Pòtoprens","French, Haitian Creole",509,−05:00,−04:00
HM,HMD,334,.hm,Heard Island and McDonald Islands,The Territory of Heard Island and McDonald Islands,Australia,Heard Island and McDonald Islands,,Heard Island and McDonald Islands,,English,,,
VA,VAT,336,.va,Holy See (Vatican City),The Holy See,UN observer state,Vatican City,Vatican City,"Civitas Vaticana, Città del Vaticano","Civitas Vaticana, Città del Vaticano","Latin, Italian","+39 (06698), assigned 379",+01:00,+02:00
HN,HND,340,.hn,Honduras,The Republic of Honduras,UN member state,Honduras,Tegucigalpa,Honduras,Tegucigalpa,Spanish,504,−06:00,
HK,HKG,344,.hk,Hong Kong,The Hong Kong Special Administrative Region of China,China,Hong Kong,Hong Kong,"Hong Kong, Heung Gong, 香港","Hong Kong, Heung Gong, 香港","English, Cantonese, (Traditional Chinese characters)",852,+08:00,
HU,HUN,348,.hu,Hungary,Hungary,UN member state,Hungary,Budapest,Magyarország,Budapest,Hungarian,36,+01:00,+02:00
IS,ISL,352,.is,Iceland,Iceland,UN member state,Iceland,Reykjavík,Ísland,Reykjavík,Icelandic,354,+00:00,
IN,IND,356,.in,India,The Republic of India,UN member state,India,New Delhi,"Bhārôt, ভাৰত, ভারত, India, Bhārat, ભારત, भारत, Bhārata, ಭಾರತ, Bhāratam, ഭാരതം, ଭାରତ, ਭਾਰਤ, भारतम्, Bāratam, பாரதம், Bhāratadēśam, భారతదేశం","Nôtun Dillī, নতুন দিল্লী, New Delhi, Navī Dilhī, નવી દિલ્હી, Naī Dillī, नई दिल्ली, Navadehalī, ನವದೆಹಲಿ, Navī Dillī, नवी दिल्ली, Nyūḍalhi, ന്യൂഡല്ഹി, Nayã Dillī, नयाँ दिल्ली, Nūā Dillī, ନୂଆ ଦିଲ୍ଲୀ, Navĩ Dillī, ਨਵੀਂ ਦਿੱਲੀ, नवदेहली, Pududilli, புது தில்லி, Krottaḍhillī, క్రొత్తఢిల్లీ","Assamese, Bengali, English, Gujarati, Hindi, Kannada, Konkani, Malayalam, Marathi, Nepali, Odia, Punjabi, Sanskrit, Tamil, Telugu, (Bengali script), (Gujarati script), (Devanagari script), (Kannada script), (Malayalam script), (Odia script), (Gurmukhi script), (Tamil script), (Assamese script), (Telugu script)",91,+05:30,
ID,IDN,360,.id,Indonesia,The Republic of Indonesia,UN member state,Indonesia,Jakarta,Indonesia,Jakarta,Indonesian,62,+07:00 to 09:00,
IR,IRN,364,.ir,Iran,The Islamic Republic of Iran,UN member state,Iran,Tehran,"Īrān, ایران","Tehrān, تهران","Persian, (Persian script)",98,+03:30,+04:30
IQ,IRQ,368,.iq,Iraq,The Republic of Iraq,UN member state,Iraq,Baghdad,"Al-'Iraq, العراق, Êraq, عێراق","Baghdad, بغداد, Bexda, بەغدا","Arabic, Kurdish, (Arabic script)",964,+03:00,
IE,IRL,372,.ie,Ireland,Ireland,UN member state,Ireland,Dublin,"Éire, Ireland","Baile Átha Cliath, Dublin","Irish, English",353,+00:00,+01:00
IM,IMN,833,.im,Isle of Man,The Isle of Man,British Crown,Isle of Man,Douglas,"Isle of Man, Ellan Vannin","Douglas, Doolish","English, Manx","+44 (1624, 7524, 7624, 7924)",+00:00,+01:00
IL,ISR,376,.il,Israel,The State of Israel,UN member state,Israel,Jerusalem (declared),"Yisra'el, ישראל, Israʼiyl, إسرائيل","Yerushalayim, ירושלים, Al-Quds, القُدس","Hebrew, Arabic, (Hebrew script), (Arabic script)",972,+02:00,+03:00
IT,ITA,380,.it,Italy,The Italian Republic,UN member state,Italy,Rome,Italia,Roma,Italian,39,+01:00,+02:00
JM,JAM,388,.jm,Jamaica,Jamaica,UN member state,Jamaica,Kingston,Jamaica,Kingston,English,"+1 (658, 876)",−05:00,
JP,JPN,392,.jp,Japan,Japan,UN member state,Japan,Tokyo,"Nihon, Nippon, 日本","Tōkyō, 東京","Japanese, (Japanese characters)",81,+09:00,
JE,JEY,832,.je,Jersey,The Bailiwick of Jersey,British Crown,Jersey,St. Helier,"Jersey, Jèrri","St. Helier, Saint Hélier, Saint Hélyi","English, French, Jèrriais",+44 (1534),+00:00,+01:00
JO,JOR,400,.jo,Jordan,The Hashemite Kingdom of Jordan,UN member state,Jordan,Amman,"Al-’Urdun, الأردن","‘Ammān, عمان","Arabic, (Arabic script)",962,+02:00,+03:00
KZ,KAZ,398,.kz,Kazakhstan,The Republic of Kazakhstan,UN member state,Kazakhstan,Astana,"Qazaqstan, Қазақстан, Kazakhstán, Казахстан","Astana, Астана","Kazakh, Russian, (Cyrillic script)",+997(also 7 until 2025),+05:00 to 06:00,
KE,KEN,404,.ke,Kenya,The Republic of Kenya,UN member state,Kenya,Nairobi,Kenya,Nairobi,"English, Swahili",254,+03:00,
KI,KIR,296,.ki,Kiribati,The Republic of Kiribati,UN member state,Kiribati,Tarawa,Kiribati,Tarawa,"English, Gilbertese",686,+12:00 to 14:00,
XK,,,.xk,Kosovo,The Republic of Kosovo,Disputed,Kosovo,Pristina,"Kosova, Kosovo, Косово","Prishtinë, Priština, Приштина","Albanian, Serbian (Latin), Serbian (Cyrillic)",383,+01:00,+02:00
KW,KWT,414,.kw,Kuwait,The State of Kuwait,UN member state,Kuwait,Kuwait City,"Dawlat ul-Kuwayt, دولة الكويت, il-ikwet","Madiinat ul-Kuwayt, مدينة الكويت, id-diira, الديرة","Arabic (Official), Kuwaiti Gulf Arabic (native), (Arabic script)",965,+03:00,
KG,KGZ,417,.kg,Kyrgyzstan,The Kyrgyz Republic,UN member state,Kyrgyzstan,Bishkek,"Kyrgyzstan, Кыргызстан","Bishkek, Бишкек","Kyrgyz, Russian, (Cyrillic script)",996,+06:00,
LA,LAO,418,.la,Lao People's Democratic Republic,The Lao People's Democratic Republic,UN member state,Laos,Vientiane,"Lao, ປະເທດລາວ","Vientiane, Vieng Chan, or Wīang Chan, ວຽງຈັນ","Lao, Lao alphabet",856,+07:00,
LV,LVA,428,.lv,Latvia,The Republic of Latvia,UN member state,Latvia,Riga,Latvija,Rīga,Latvian,371,+02:00,+03:00
LB,LBN,422,.lb,Lebanon,The Lebanese Republic,UN member state,Lebanon,Beirut,"Lubnān, لبنان, Liban","Bayrūt, بيروت, Beyrouth","Arabic, French, (Arabic script)",961,+02:00,+03:00
LS,LSO,426,.ls,Lesotho,The Kingdom of Lesotho,UN member state,Lesotho,Maseru,Lesotho,Maseru,"Sesotho, English",266,+02:00,
LR,LBR,430,.lr,Liberia,The Republic of Liberia,UN member state,Liberia,Monrovia,Liberia,Monrovia,English,231,+00:00,
LY,LBY,434,.ly,Libya,The State of Libya,UN member state,Libya,Tripoli,"Libya, ⵍⵉⴱⵢⴰ, Lībiyā, ليبيا","Ṭrables, ⵟⵔⴰⴱⵍⴻⵙ, Tarabulus, طرابلس","Berber language, Arabic, (Tifinagh script), (Arabic script)",218,+02:00,
LI,LIE,438,.li,Liechtenstein,The Principality of Liechtenstein,UN member state,Liechtenstein,Vaduz,Liechtenstein,Vaduz,German,423,+01:00,+02:00
LT,LTU,440,.lt,Lithuania,The Republic of Lithuania,UN member state,Lithuania,Vilnius,Lietuva,Vilnius,Lithuanian,370,+02:00,+03:00
LU,LUX,442,.lu,Luxembourg,The Grand Duchy of Luxembourg,UN member state,Luxembourg,Luxembourg,"Lëtzebuerg, Luxemburg, Luxembourg","Lëtzebuerg, Luxemburg, Luxembourg","Luxembourgish, German, French",352,+01:00,+02:00
MO,MAC,446,.mo,Macao,The Macao Special Administrative Region of China,China,Macau,Macau,"Oumún, 澳門, Macau","Oumún, 澳門, Macau","Cantonese, Portuguese, (Traditional Chinese characters)",853,+08:00,
MG,MDG,450,.mg,Madagascar,The Republic of Madagascar,UN member state,Madagascar,Antananarivo,"Madagasikara, Madagascar","Antananarivo, Antananarivo/Tananarive","Malagasy, French",261,+03:00,
MW,MWI,454,.mw,Malawi,The Republic of Malawi,UN member state,Malawi,Lilongwe,"Malawi, Malaŵi",Lilongwe,"English, Chichewa",265,+02:00,
MY,MYS,458,.my,Malaysia,Malaysia,UN member state,Malaysia,Kuala Lumpur,Malaysia,Kuala Lumpur,Malay,60,+08:00,
MV,MDV,462,.mv,Maldives,The Republic of Maldives,UN member state,Maldives,Malé,"Dhivehi Raajje, ދިވެހިރާއްޖެ","Malé, މާލެ","Dhivehi, (Thaana script)",960,+05:00,
ML,MLI,466,.ml,Mali,The Republic of Mali,UN member state,Mali,Bamako,Mali,"Bamako, Bamakɔ","French, Bambara",223,+00:00,
MT,MLT,470,.mt,Malta,The Republic of Malta,UN member state,Malta,Valletta,Malta,Valletta or Il-Belt Valletta,"Maltese, English",356,+01:00,+02:00
MH,MHL,584,.mh,Marshall Islands,The Republic of the Marshall Islands,UN member state,Marshall Islands,Majuro,"Marshall Islands, Aorōkin Ṃajeḷ","Majuro, Mājro","English, Marshallese",692,+12:00,
MQ,MTQ,474,.mq,Martinique,Martinique,France,Martinique,Fort-de-France,Martinique,Fort-de-France,French,596,−04:00,
MR,MRT,478,.mr,Mauritania,The Islamic Republic of Mauritania,UN member state,Mauritania,Nouakchott,"Muritan / Agawec, ⵎⵓⵔⵉⵜⴰⵏ / ⴰⴳⴰⵡⵛ, Mūrītānyā, موريتانيا","Nwakcuṭ / anu ukcuḍ, ⵏⵡⴰⴽⵛⵓⵟ / ⴰⵏⵓ ⵓⴽⵛⵓⴹ, nwakšūṭ, نواكشوط / أنو ؤكشوض","Berber language, Arabic, (Tifinagh script), (Arabic script)",222,+00:00,
MU,MUS,480,.mu,Mauritius,The Republic of Mauritius,UN member state,Mauritius,Port Louis,"Mauritius, Maurice, Moris","Port Louis, Port-Louis, Porlwi","English, French, Mauritian Creole",230,+04:00,
YT,MYT,175,.yt,Mayotte,The Department of Mayotte,France,Mayotte,Mamoudzou,"Mayotte, Maore","Mamoudzou, Momoju","French, Shimaore","+262 (269, 639)",+03:00,
MX,MEX,484,.mx,Mexico,The United Mexican States,UN member state,Mexico,Mexico City,"México, Mēxihco","Ciudad de México, Āltepētl Mēxihco","Spanish, Nahuatl",52,−08:00 to –05:00,−07:00 to –05:00
FM,FSM,583,.fm,Micronesia,The Federated States of Micronesia,UN member state,Federated States of Micronesia,Palikir,Federated States of Micronesia,Palikir,English,691,+10:00 to 11:00,
MD,MDA,498,.md,Moldova,The Republic of Moldova,UN member state,Moldova,Chișinău,Moldova,Chișinău,Romanian,373,+02:00,+03:00
MC,MCO,492,.mc,Monaco,The Principality of Monaco,UN member state,Monaco,Monaco,"Monaco, Múnegu","Monaco, Múnegu","French, Monégasque",377,+01:00,+02:00
MN,MNG,496,.mn,Mongolia,Mongolia,UN member state,Mongolia,Ulaanbaatar,"Mongol Uls, Монгол Улс, ᠮᠤᠩᠭᠤᠯ, ᠤᠯᠤᠰ","Ulaanbaatar, Улаанбаатар, ᠤᠯᠠᠭᠠᠨᠪᠠᠭᠠᠲᠤᠷ","Mongolian, (Cyrillic script), (Mongol script)",976,+07:00 to 08:00,
ME,MNE,499,.me,Montenegro,Montenegro,UN member state,Montenegro,Podgorica,"Crna Gora, Црна Гора","Podgorica, Подгорица",Montenegrin,382,+01:00,+02:00
MS,MSR,500,.ms,Montserrat,Montserrat,United Kingdom,Montserrat,Brades Estate,Montserrat,Brades Estate,English,+1 (664),−04:00,
MA,MAR,504,.ma,Morocco,The Kingdom of Morocco,UN member state,Morocco,Rabat,"Amerruk / Elmeɣrib, ⴰⵎⵔⵔⵓⴽ / ⵍⵎⵖⵔⵉⴱ, Al-maɣréb, المغرب","Errbaṭ, ⵔⵔⴱⴰⵟ, Ar-ribaaṭ, الرباط","Berber language, Arabic, (Tifinagh script), (Arabic script)",212,+01:00,
MZ,MOZ,508,.mz,Mozambique,The Republic of Mozambique,UN member state,Mozambique,Maputo,Moçambique,Maputo,Portuguese,258,+02:00,
MM,MMR,104,.mm,Myanmar (Burma),The Republic of the Union of Myanmar,UN member state,Myanmar(or Burma),Naypyidaw,"Myanma, မြန်မာ","Nay Pyi Taw, နေပြည်တော်","Burmese, (Burmese alphabet)",95,+06:30,
NA,NAM,516,.na,Namibia,The Republic of Namibia,UN member state,Namibia,Windhoek,"Namibia, Namibië","Windhoek, Windhuk, /Ae-//Gams, Otjomuise","English, German, Afrikaans, Damara/Nama, Herero",264,+02:00,
NR,NRU,520,.nr,Nauru,The Republic of Nauru,UN member state,Nauru,Yaren (de facto),"Nauru, Naoero",Yaren,"English, Nauruan",674,+12:00,
NP,NPL,524,.np,Nepal,The Federal Democratic Republic of Nepal,UN member state,Nepal,Kathmandu,"Nepāl, नेपाल","Kāṭhamāṇḍaũ, काठमाण्डौं","Nepali, (Devanagari script)",977,+05:45,
NL,NLD,528,.nl,Netherlands,The Kingdom of the Netherlands,UN member state,Netherlands,Amsterdam,"Nederland, Nederlân",Amsterdam,"Dutch, West Frisian",31,+01:00,+02:00
NC,NCL,540,.nc,New Caledonia,New Caledonia,France,New Caledonia,Nouméa,Nouvelle-Calédonie,Nouméa,French,687,+11:00,
NZ,NZL,554,.nz,New Zealand,New Zealand,UN member state,New Zealand,Wellington,"New Zealand, Aotearoa","Wellington, Poneke/Te Whanganui-a-Tara","English, Māori",64,+12:00,+13:00
NI,NIC,558,.ni,Nicaragua,The Republic of Nicaragua,UN member state,Nicaragua,Managua,Nicaragua,Managua,Spanish,505,−06:00,
NE,NER,562,.ne,Niger,The Republic of the Niger,UN member state,Niger,Niamey,Niger,Niamey,French,227,+01:00,
NG,NGA,566,.ng,Nigeria,The Federal Republic of Nigeria,UN member state,Nigeria,Abuja,"Nigeria, Nijeriya, Naìjíríyà, Nàìjíríà","Abuja, Àbújá","English, Hausa, Igbo, Yoruba",234,+01:00,
NU,NIU,570,.nu,Niue,Niue,New Zealand,Niue,Alofi,"Niuē, Niue",Alofi,"Niuean, English",683,−11:00,
NF,NFK,574,.nf,Norfolk Island,The Territory of Norfolk Island,Australia,Norfolk Island,Kingston,"Norfolk Island, Norf'k Ailen",Kingston,"English, Norfuk",+672 (3),+11:00,
KP,PRK,408,.kp,North Korea,The Democratic People's Republic of Korea,UN member state,North Korea,Pyongyang,"Chosŏn as called in NK, 조선 / 朝鮮, Bukchosŏn, 북조선","P'yŏngyang, 평양 / 平壌","Korean, (Hangul/Hanja)",850,+09:00,
MK,MKD,807,.mk,North Macedonia,The Republic of North Macedonia,UN member state,North Macedonia,Skopje,"Severna Makedonija, Северна Македонија, Maqedonia e Veriut","Skopje, Скопје, Shkup","Macedonian, Albanian, (Cyrillic script)",389,+01:00,+02:00
MP,MNP,580,.mp,Northern Mariana Islands,The Commonwealth of the Northern Mariana Islands,United States,Northern Mariana Islands,Saipan,"Northern Mariana Islands, Notte Mariånas",Saipan,"English, Chamorro",+1 (670),+10:00,
NO,NOR,578,.no,Norway,The Kingdom of Norway,UN member state,Norway,Oslo,"Norge, Noreg, Norga, Vuodna, Nöörje",Oslo,"Norwegian Bokmål, Norwegian Nynorsk, Northern Sámi, Lule Sámi, Southern Sámi",47,+01:00,+02:00
OM,OMN,512,.om,Oman,The Sultanate of Oman,UN member state,Oman,Muscat,"‘Umān, عُمان","Masqaṭ, مسقط","Arabic, (Arabic script)",968,+04:00,
PK,PAK,586,.pk,Pakistan,The Islamic Republic of Pakistan,UN member state,Pakistan,Islamabad,"Pakistan, Pākistān, پاکستان","Islamabad, Islāmabād, اسلام‌اباد","English, Urdu, (Arabic script)",92,+05:00,
PW,PLW,585,.pw,Palau,The Republic of Palau,UN member state,Palau,Ngerulmud,"Belau, Palau",Ngerulmud,"English, Palauan",680,+09:00,
PS,PSE,275,.ps,Palestine,The State of Palestine,UN observer state,Palestine,Ramallah (administrative capital),"Filasṭīn, فلسطين","Al-Quds Al-Sharqit, القدس الشرقية, Rāmallāh, رام الله","Arabic, (Arabic script)",970,+02:00,+03:00
PA,PAN,591,.pa,Panama,The Republic of Panamá,UN member state,Panama,Panama City,Panamá,Ciudad de Panamá,Spanish,507,−05:00,
PG,PNG,598,.pg,Papua New Guinea,The Independent State of Papua New Guinea,UN member state,Papua New Guinea,Port Moresby,"Papua New Guinea, Papua Niugini, Papua Niu Gini","Port Moresby, Pot Mosbi","English, Tok Pisin, Hiri Motu",675,+10:00 to 11:00,
PY,PRY,600,.py,Paraguay,The Republic of Paraguay,UN member state,Paraguay,Asunción,"Paraguay, Paraguái","Asunción, Paraguay","Spanish, Guaraní",595,−04:00,−03:00
PE,PER,604,.pe,Peru,The Republic of Perú,UN member state,Peru,Lima,"Perú, Piruw",Lima,"Spanish, Quechua/Aymara",51,−05:00,
PH,PHL,608,.ph,Philippines,The Republic of the Philippines,UN member state,Philippines,Manila,"Pilipinas, Philippines","Maynila, Manila","Filipino, English",63,+08:00,
PN,PCN,612,.pn,Pitcairn,"The Pitcairn, Henderson, Ducie and Oeno Islands",United Kingdom,Pitcairn Islands,Adamstown,"Pitcairn Islands, Pitkern Ailen",Adamstown,"English, Pitcairnese",64,−08:00,
PL,POL,616,.pl,Poland,The Republic of Poland,UN member state,Poland,Warsaw,Polska,Warszawa,Polish,48,+01:00,+02:00
PT,PRT,620,.pt,Portugal,The Portuguese Republic,UN member state,Portugal,Lisbon,Portugal,Lisboa,Portuguese,351,+00:00,+01:00
PR,PRI,630,.pr,Puerto Rico,The Commonwealth of Puerto Rico,United States,Puerto Rico,San Juan,Puerto Rico,San Juan,"English, Spanish","+1 (787, 930)",−04:00,
QA,QAT,634,.qa,Qatar,The State of Qatar,UN member state,Qatar,Doha,"Qaṭar, قطر","Ad-Dawḥah, الدوحة","Arabic, (Arabic script)",974,+03:00,
RE,REU,638,.re,Réunion,Réunion,France,Réunion,Saint-Denis,La Réunion,Saint-Denis,French,262,+04:00,
RO,ROU,642,.ro,Romania,Romania,UN member state,Romania,Bucharest,România,București,Romanian,40,+02:00,+03:00
RU,RUS,643,.ru,Russian Federation (Russia),The Russian Federation,UN member state,Russia,Moscow,"Rossiya or Rossiâ, Россия","Moskva, Москва","Russian, (Cyrillic script)",7,+02:00 to 12:00,
RW,RWA,646,.rw,Rwanda,The Republic of Rwanda,UN member state,Rwanda,Kigali,Rwanda,Kigali,"French, Kinyarwanda, Swahili, English",250,+02:00,
BL,BLM,652,.bl,Saint Barthélemy,The Collectivity of Saint-Barthélemy,France,Saint Barthélemy,Gustavia,Saint-Barthélemy,Gustavia,French,590,−04:00,
SH,SHN,654,.sh,"Saint Helena, Ascension and Tristan da Cunha","Saint Helena, Ascension and Tristan da Cunha",United Kingdom,"Saint Helena, Ascension and Tristan da Cunha",Jamestown,"Saint Helena, Ascension and Tristan da Cunha",Jamestown,English,"+290, 247, 290",+00:00,
KN,KNA,659,.kn,Saint Kitts and Nevis,Saint Kitts and Nevis,UN member state,Saint Kitts and Nevis,Basseterre,Saint Kitts and Nevis,Basseterre,English,+1 (869),−04:00,
LC,LCA,662,.lc,Saint Lucia,Saint Lucia,UN member state,Saint Lucia,Castries,Saint Lucia,Castries,English,+1 (758),−04:00,
MF,MAF,663,.mf,Saint Martin (French part),The Collectivity of Saint-Martin,France,Saint Martin,Marigot,Saint-Martin,Marigot,French,590,−04:00,
PM,SPM,666,.pm,Saint Pierre and Miquelon,The Overseas Collectivity of Saint-Pierre and Miquelon,France,Saint Pierre and Miquelon,Saint-Pierre,Saint-Pierre et Miquelon,Saint-Pierre,French,508,−03:00,−02:00
VC,VCT,670,.vc,Saint Vincent and the Grenadines,Saint Vincent and the Grenadines,UN member state,Saint Vincent and the Grenadines,Kingstown,Saint Vincent and the Grenadines,Kingstown,English,+1 (784),−04:00,
WS,WSM,882,.ws,Samoa,The Independent State of Samoa,UN member state,Samoa,Apia,"Samoa, Sāmoa",Apia,"English, Samoan",685,+13:00,+14:00
SM,SMR,674,.sm,San Marino,The Republic of San Marino,UN member state,San Marino,San Marino,San Marino,San Marino,Italian,378,+01:00,+02:00
ST,STP,678,.st,Sao Tome and Principe,The Democratic Republic of São Tomé and Príncipe,UN member state,São Tomé and Príncipe,São Tomé,São Tomé e Príncipe,São Tomé,Portuguese,239,+00:00,
SA,SAU,682,.sa,Saudi Arabia,The Kingdom of Saudi Arabia,UN member state,Saudi Arabia,Riyadh,"Al-Mamlaka Al-‘Arabiyyah as Sa‘ūdiyyah, المملكة العربية السعودية","Ar-Riyāḍ, الرياض","Arabic, (Arabic script)",966,+03:00,
SN,SEN,686,.sn,Senegal,The Republic of Senegal,UN member state,Senegal,Dakar,"Sénégal, Senegaal","Dakar, Ndakaaru","French, Wolof",221,+00:00,
RS,SRB,688,.rs,Serbia,The Republic of Serbia,UN member state,Serbia,Belgrade,"Srbija, Србија","Beograd, Београд","Serbian, (Cyrillic script)",381,+01:00,+02:00
SC,SYC,690,.sc,Seychelles,The Republic of Seychelles,UN member state,Seychelles,Victoria,"Sesel, Seychelles",Victoria or Port Victoria,"Seychellois Creole, French, English",248,+04:00,
SL,SLE,694,.sl,Sierra Leone,The Republic of Sierra Leone,UN member state,Sierra Leone,Freetown,Sierra Leone,Freetown,English,232,+00:00,
SG,SGP,702,.sg,Singapore,The Republic of Singapore,UN member state,Singapore,Singapore,"Singapura, Singapore, Xīnjiāpō, 新加坡, சிங்கப்பூர்","Singapura, Singapore, Xīnjiāpō, 新加坡, சிங்கப்பூர்","Malay, English, Mandarin Chinese, Tamil, (Simplified Chinese characters), (Tamil script)",65,+08:00,
SX,SXM,534,.sx,Sint Maarten (Dutch part),Sint Maarten,Netherlands,Sint Maarten,Philipsburg,Sint Maarten,Philipsburg,"Dutch, English",+1 (721),−04:00,
SK,SVK,703,.sk,Slovakia,The Slovak Republic,UN member state,Slovakia,Bratislava,Slovensko,Bratislava,Slovak,421,+01:00,+02:00
SI,SVN,705,.si,Slovenia,The Republic of Slovenia,UN member state,Slovenia,Ljubljana,Slovenija,Ljubljana,Slovene,386,+01:00,+02:00
SB,SLB,90,.sb,Solomon Islands,The Solomon Islands,UN member state,Solomon Islands,Honiara,"Solomon Islands, Solomon Aelan","Honiara, Honiala","English, Neo-Solomonic",677,+11:00,
SO,SOM,706,.so,Somalia,The Federal Republic of Somalia,UN member state,Somalia,Mogadishu,"Soomaaliya, aş-Şūmāl, الصومال","Muqdisho, Maqadīshū, مقديشو","Somali, Arabic, (Arabic script)",252,+03:00,
ZA,ZAF,710,.za,South Africa,The Republic of South Africa,UN member state,South Africa,"Pretoria (administrative capital), Cape Town (legislative capital), Bloemfontein, (judicial capital)","South Africa, Suid-Afrika, iNingizimu Afrika, uMzantsi Afrika, Afrika-Borwa, Afrika Borwa, Aforika Borwa, Afurika Tshipembe, Afrika Dzonga, iSewula Afrika","Pretoria, Cape Town, Pretoria, Kaapstad, iPitoli, iKapa, Pitori, iPitori","English, Afrikaans, isiZulu, isiXhosa, Pedi, Sotho, Tswana, Venda, Tsonga, Swazi, Ndebele",27,+02:00,
GS,SGS,239,.gs,South Georgia and the South Sandwich Islands,South Georgia and the South Sandwich Islands,United Kingdom,South Georgia and the South Sandwich Islands,King Edward Point,South Georgia and the South Sandwich Islands,King Edward Point,English,500,−02:00,
KR,KOR,410,.kr,South Korea,The Republic of Korea,UN member state,South Korea,Seoul,"Hanguk as called in SK, 한국 / 韓國, Namhan, 남한","Seoul, 서울","Korean, (Hangul/Hanja)",82,+09:00,
SS,SSD,728,.ss,South Sudan,The Republic of South Sudan,UN member state,South Sudan,Juba,"South Sudan, Sudan Kusini, Paguot Thudän",Juba,"English, Swahili, Dinka",211,+02:00,
ES,ESP,724,.es,Spain,The Kingdom of Spain,UN member state,Spain,Madrid,"España, Espanya, Espainia, Espanha","Madrid, Madril","Spanish, Galician, Catalan, Basque, Aranese, Galician",34,+01:00,+02:00
LK,LKA,144,.lk,Sri Lanka,The Democratic Socialist Republic of Sri Lanka,UN member state,Sri Lanka,Sri Jayawardenapura Kotte,"Sri Lankā, ශ්‍රී ලංකාව, இலங்கை","Sri Jayawardenapura Kotte, ශ්‍රී ජයවර්ධනපුර කෝට්ටේ, ஶ்ரீ ஜெயவர்த்தனபுரம் கோட்டை","Sinhala, Tamil",94,+05:30,
SD,SDN,729,.sd,Sudan,The Republic of the Sudan,UN member state,Sudan,Khartoum,"As-Sudan, السودان","Al-Khartûm, الخرطوم","Arabic, (Arabic script)",249,+02:00,
SR,SUR,740,.sr,Suriname,The Republic of Suriname,UN member state,Suriname,Paramaribo,Suriname,Paramaribo,Dutch,597,−03:00,
SJ,SJM,744,.no,Svalbard and Jan Mayen,Svalbard and Jan Mayen,Norway,Svalbard,Longyearbyen,Svalbard,Longyearbyen,Norwegian,+47 (79),+01:00,+02:00
SE,SWE,752,.se,Sweden,The Kingdom of Sweden,UN member state,Sweden,Stockholm,Sverige,Stockholm,Swedish,46,+01:00,+02:00
CH,CHE,756,.ch,Switzerland,The Swiss Confederation,UN member state,Switzerland,Bern (de facto),"Schweiz, Suisse, Svizzera, Svizra","Bern, Berne, Berna","German, French, Italian, Romansh",41,+01:00,+02:00
SY,SYR,760,.sy,Syrian Arab Republic,The Syrian Arab Republic,UN member state,Syria,Damascus,"Suriyah, سورية","Dimashq / Ash-Sham, الشام / دمشق","Arabic, (Arabic script)",963,+02:00,+03:00
TW,TWN,158,.tw,Taiwan,The Republic of China,Disputed,Taiwan(Republic of China),Taipei,"Zhōnghuá Mínguó or Táiwān, 中華民國 or 臺灣/台灣","Táiběi, 臺北/台北","Chinese, (Traditional Chinese characters)",886,+08:00,
TJ,TJK,762,.tj,Tajikistan,The Republic of Tajikistan,UN member state,Tajikistan,Dushanbe,"Tojikistan, Тоҷикистон","Dushanbe, Душанбе","Tajiki-Persian, (Cyrillic)",992,+05:00,
TZ,TZA,834,.tz,Tanzania,The United Republic of Tanzania,UN member state,Tanzania,Dodoma,Tanzania,Dodoma,"English, Swahili",255,+03:00,
TH,THA,764,.th,Thailand,The Kingdom of Thailand,UN member state,Thailand,Bangkok,"Thai, Prathet Thai, Ratcha-anachak Thai, ไทย, ประเทศไทย, ราชอาณาจักรไทย","Krung Thep, Krung Thep Maha Nakhon, กรุงเทพฯ, กรุงเทพมหานคร","Thai, (Thai script)",66,+07:00,
TL,TLS,626,.tl,Timor-Leste (East Timor),The Democratic Republic of Timor-Leste,UN member state,East Timor,Díli,"Timor Lorosa'e, Timor-Leste",Díli,"Tetum, Portuguese",670,+09:00,
TG,TGO,768,.tg,Togo,The Togolese Republic,UN member state,Togo,Lomé,Togo,"Lomé, Lome, Loma","French, Ewe, Kabiye",228,+00:00,
TK,TKL,772,.tk,Tokelau,Tokelau,New Zealand,Tokelau,Lomé,Tokelau,Loma,"English, Tokelauan",690,+13:00,
TO,TON,776,.to,Tonga,The Kingdom of Tonga,UN member state,Tonga,Nukuʻalofa,Tonga,Nukuʻalofa,"Tongan, English",676,+13:00,
TT,TTO,780,.tt,Trinidad and Tobago,The Republic of Trinidad and Tobago,UN member state,Trinidad and Tobago,Port of Spain,Trinidad and Tobago,Port of Spain,English,+1 (868),−04:00,
TN,TUN,788,.tn,Tunisia,The Republic of Tunisia,UN member state,Tunisia,Tunis,"Tunes, ⵜⵓⵏⵙ, Tūns, تونس","Tunes, ⵜⵓⵏⵙ, Tūns, تونس","Berber language, Arabic, (Tifinagh script), (Arabic script)",216,+01:00,
TR,TUR,792,.tr,Türkiye,The Republic of Türkiye,UN member state,Turkey,Ankara,Türkiye,Ankara,Turkish,90,+03:00,
TM,TKM,795,.tm,Turkmenistan,Turkmenistan,UN member state,Turkmenistan,Ashgabat,Türkmenistan,Aşgabat,Turkmen,993,+05:00,
TC,TCA,796,.tc,Turks and Caicos Islands,The Turks and Caicos Islands,United Kingdom,Turks and Caicos Islands,Cockburn Town,Turks and Caicos Islands,Cockburn Town,English,+1 (649),−05:00,−04:00
TV,TUV,798,.tv,Tuvalu,Tuvalu,UN member state,Tuvalu,Fongafale (in Funafuti),Tuvalu,Fongafale,"English, Tuvaluan",688,+12:00,
UG,UGA,800,.ug,Uganda,The Republic of Uganda,UN member state,Uganda,Kampala,Uganda,Kampala,"English, Swahili",256,+03:00,
UA,UKR,804,.ua,Ukraine,Ukraine,UN member state,Ukraine,Kyiv,"Ukrajina, Україна","Kyjiv, Київ","Ukrainian, (Cyrillic script)",380,+02:00,+03:00
AE,ARE,784,.ae,United Arab Emirates (UAE),The United Arab Emirates,UN member state,United Arab Emirates,Abu Dhabi,"Al-’Imārat Al-‘Arabiyyah Al-Muttaḥidah, الإمارات العربيّة المتّحدة","‘Abū ẓabī, أبوظبي","Arabic, (Arabic script)",971,+04:00,
GB,GBR,826,.gb .uk,"United Kingdom of Great Britain and Northern Ireland (Great Britain, UK)",The United Kingdom of Great Britain and Northern Ireland,UN member state,United Kingdom,London,"United Kingdom or Britain, Y Deyrnas Unedig, Unitit Kinrick, Rìoghachd Aonaichte, Ríocht Aontaithe, An Rywvaneth Unys","London, Llundain, Lunnon, Lunnainn, Londain, Loundres","English, Welsh, Scots, Scots Gaelic, Irish, Cornish",44,+00:00,+01:00
UM,UMI,581,.us,United States Minor Outlying Islands,"Baker Island, Howland Island, Jarvis Island, Johnston Atoll, Kingman Reef, Midway Atoll, Navassa Island, Palmyra Atoll, and Wake Island",United States,United States Minor Outlying Islands,,United States Minor Outlying Islands,,English,1,,
US,USA,840,.us,United States of America (USA),The United States of America,UN member state,United States,"Washington, D.C.","United States or America, Estados Unidos, États-Unis, ‘Amelika Hui Pū ‘ia","Washington, D.C., Washington, or D.C., Washington D.C., Wakinekona/Wasinetona","English, Spanish, Cajun French, Hawaiian",1,−10:00 to –05:00,−10:00 to –04:00
UY,URY,858,.uy,Uruguay,The Oriental Republic of Uruguay,UN member state,Uruguay,Montevideo,Uruguay,Montevideo,Spanish,598,−03:00,
UZ,UZB,860,.uz,Uzbekistan,The Republic of Uzbekistan,UN member state,Uzbekistan,Tashkent,"O‘zbekiston, Ўзбекистон","Toshkent, Тошкент","Uzbek, (Cyrillic script)",998,+05:00,
VU,VUT,548,.vu,Vanuatu,The Republic of Vanuatu,UN member state,Vanuatu,Port Vila,Vanuatu,Port-Vila,French,678,+11:00,
VE,VEN,862,.ve,Venezuela,The Bolivarian Republic of Venezuela,UN member state,Venezuela,Caracas,Venezuela,Caracas,Spanish,58,−04:00,
VN,VNM,704,.vn,Viet Nam,The Socialist Republic of Viet Nam,UN member state,Vietnam,Hanoi,Việt Nam,Hà Nội,Vietnamese,84,+07:00,
VG,VGB,92,.vg,Virgin Islands (British Virgin Islands),The Virgin Islands,United Kingdom,British Virgin Islands,Road Town,British Virgin Islands,Road Town,English,+1 (284),−04:00,
VI,VIR,850,.vi,Virgin Islands (U.S.),The Virgin Islands of the United States,United States,United States Virgin Islands,Charlotte Amalie,United States Virgin Islands,Charlotte Amalie,English,+1 (340),−04:00,
WF,WLF,876,.wf,Wallis and Futuna,The Territory of the Wallis and Futuna Islands,France,Wallis and Futuna,Mata Utu,"Wallis-et-Futuna, ʻUvea mo Futuna","Mata Utu, Matāʻutu","French, Wallisian, Futunan",681,+12:00,
EH,ESH,732,.eh,Western Sahara (Sahrawi Arab Democratic Republic),The Sahrawi Arab Democratic Republic,Disputed,Sahrawi Arab Democratic Republic,Laayoune,Al-Jumhūrīyah al-‘Arabīyah aṣ-Ṣaḥrāwīyah ad-Dīmuqrāṭīyah,Al-ʿAyyūn,Arabic,212,,
YE,YEM,887,.ye,Yemen,The Republic of Yemen,UN member state,Yemen,Sana'a,"Al-Yaman, اليمن","Ṣan‘ā’, ﺻﻨﻌﺎﺀ","Arabic, (Arabic script)",967,+03:00,
ZM,ZMB,894,.zm,Zambia,The Republic of Zambia,UN member state,Zambia,Lusaka,Zambia,Lusaka,"English, Bemba, Chewa",260,+02:00,
ZW,ZWE,716,.zw,Zimbabwe,The Republic of Zimbabwe,UN member state,Zimbabwe,Harare,Zimbabwe,Harare,"English, Shona",263,+02:00,